zpid,description_length,waterfront_linear_ft,dock_linear_ft,no_fixed_bridges,waterfront_type,any_length
102751852,,,,FALSE,intracoastal; ocean; river,
102956453,,,,FALSE,,
103011314,,,,FALSE,,
103012767,,,,FALSE,ocean,
103014903,80 Feet,,,FALSE,ocean; river; canal; waterfront,
103015557,,,,FALSE,,
103018760,,,,FALSE,,
103021833,,,,FALSE,,
103022783,lot has 63 ft of waterfront,63,,TRUE,ocean; river; canal; sound; waterfront,63
103024229,,,,FALSE,,
103028843,Frontage: 98,98,,FALSE,ocean; waterfront,98
103031419,,,,FALSE,intracoastal; ocean; sound; waterfront,
103032447,135 Ft Seawall,135,,TRUE,intracoastal; ocean; canal; waterfront,135
103033753,up to 28Ft approximately 1,28,,FALSE,ocean; canal,28
103034022,Rare 25’,,,FALSE,,
103034428,property offering 140 feet of private,,,TRUE,ocean; waterfront,
103457336,no fixed bridges,,,TRUE,intracoastal; ocean,
103457942,property showcases 140 ft of direct,,,FALSE,intracoastal; waterfront,
103458034,,,,FALSE,intracoastal; lake,
103467710,,,,FALSE,ocean,
103469090,,,,FALSE,intracoastal,
103474037,,,,FALSE,intracoastal; ocean; waterfront,
103476378,,,,FALSE,waterfront,
103482573,up to 40 ft and 20,40,,FALSE,bay; river; waterfront,40
103558220,offering 100ft of pristine,,,FALSE,intracoastal; ocean; sound,
104163670,Dock Length: 150,,150,FALSE,bay; gulf; waterfront,150
104165524,,,,FALSE,ocean; lake; waterfront,
104166750,,,,FALSE,lake; waterfront,
104168728,Dock Length: 20,,20,FALSE,bay; gulf; waterfront,20
104170134,,,,FALSE,canal; waterfront,
104170273,,,,FALSE,bay; ocean; canal; waterfront,
104171009,,,,FALSE,waterfront,
104171128,Dock Length: 30,,30,FALSE,canal; waterfront,30
104171370,Dock Length: 70,,70,FALSE,ocean; waterfront,70
104172523,Bath with 60' Dock and Pool,,60,FALSE,ocean; canal; sound; waterfront,60
104175085,Dock Length: 100,,100,FALSE,canal; waterfront,100
104175745,,,,FALSE,bay; ocean; canal; waterfront,
104177712,Dock Length: 60,,60,FALSE,bay; ocean; canal; waterfront,60
104179454,,,,FALSE,ocean; waterfront,
104186370,Dock Length: 98,,98,FALSE,ocean; canal; gulf; waterfront,98
104186736,Dock Length: 85,,85,FALSE,ocean; canal; gulf; waterfront,85
104187628,,,,FALSE,canal; waterfront,
104189444,Dock Length: 69,,69,FALSE,ocean; canal; waterfront,69
104189953,to your 50 foot dock nestled,,50,FALSE,bay; ocean; canal; waterfront,50
104190657,Dock Length: 67,,67,FALSE,bay; ocean; canal; waterfront,67
104191128,,,,FALSE,canal; waterfront,
104192123,,,,FALSE,bay; ocean; gulf; waterfront,
104192781,,,,FALSE,bay; ocean; waterfront,
104196827,Dock Length: 70,,70,FALSE,canal; gulf; waterfront,70
104198543,Dock Length: 50,,50,FALSE,ocean; waterfront,50
104198618,,,,FALSE,canal; waterfront,
104203451,,,,FALSE,bay; ocean; canal; waterfront,
104204186,Dock Length: 75,,75,FALSE,bay; ocean; canal; waterfront,75
104204951,lot offers 54 feet of water,,,FALSE,bay; waterfront,
104205672,85 feet of seawall,85,85,FALSE,canal; waterfront,85
104206376,,,,FALSE,canal; lake; sound; waterfront,
104212922,Dock Length: 75,,75,FALSE,ocean; canal; gulf; waterfront,75
104214293,Dock Length: 75,,75,FALSE,canal; waterfront,75
110557100,,,,FALSE,intracoastal; ocean,
110557185,,,,FALSE,ocean,
110557462,,,,FALSE,ocean,
110557511,,,,FALSE,,
110557541,120 FEET OF NO,,,TRUE,ocean,
110557820,,,,FALSE,ocean,
110557897,,,,FALSE,ocean; waterfront,
110558037,,,,FALSE,intracoastal; ocean,
110558266,,,,FALSE,intracoastal; ocean; waterfront,
110558449,,,,FALSE,,
110558777,,,,FALSE,intracoastal; ocean,
110559119,,,,FALSE,intracoastal; ocean,
110559350,,,,FALSE,ocean,
110559623,,,,FALSE,intracoastal; ocean,
110559946,,,,FALSE,intracoastal; bay; ocean,
110560050,,,,FALSE,intracoastal; ocean,
110560385,,,,FALSE,ocean,
110560390,,,,FALSE,river,
110560394,,,,FALSE,intracoastal; ocean,
110560536,,,,FALSE,ocean,
110560594,,,,FALSE,ocean,
111100517,a private 140',,,FALSE,bay; waterfront,
112793339,,,,FALSE,river,
117907173,,,,FALSE,,
118271525,,,,FALSE,,
118271986,,,,FALSE,bay,
118272917,,,,FALSE,,
118309696,Dock Length: 20,24,20,FALSE,waterfront,20
118312110,Elevated 17 feet above sea,,,FALSE,ocean,
121051077,,,,FALSE,ocean; waterfront,
121053126,,,,FALSE,ocean; waterfront,
121340455,an impressive 270 feet of water,,,TRUE,intracoastal; ocean; waterfront,
122018872,100 ft of water,,,TRUE,bay; ocean; waterfront,
123458369,,,,FALSE,ocean,
123459332,,,,FALSE,intracoastal; ocean; river; waterfront,
123459426,,,,FALSE,intracoastal; ocean; river; waterfront,
123459601,,,,FALSE,ocean; river; waterfront,
123468342,,,,FALSE,,
123470894,Protected 30'  dock on the,,30,FALSE,bay; ocean; canal; waterfront,30
123973364,to a 50 foot boat to,,,FALSE,intracoastal; bay; waterfront,
124115620,,,,FALSE,intracoastal; ocean,
124172934,,,,FALSE,,
124172941,,,,FALSE,ocean; sound; waterfront,
124172946,,,,FALSE,ocean,
124172954,,,,FALSE,intracoastal; ocean,
124172965,,,,FALSE,,
124173100,,,,FALSE,ocean,
124173108,,,,FALSE,intracoastal; ocean,
124173164,,,,FALSE,ocean,
124173184,,,,FALSE,,
124173205,,,,FALSE,intracoastal; ocean; canal,
124173211,,,,FALSE,intracoastal; ocean,
124173254,,,,FALSE,intracoastal; ocean,
124173255,,,,FALSE,intracoastal; ocean,
124173256,,,,FALSE,intracoastal; ocean,
124173274,,,,FALSE,intracoastal; ocean,
124173277,,,,FALSE,ocean,
124173280,,,,FALSE,intracoastal; ocean,
124173282,,,,FALSE,intracoastal; ocean,
124173373,,,,FALSE,ocean,
124749513,Kitchen Thru 10ft Floor-To-Ceiling Impact,,,FALSE,intracoastal,
124863305,Canal Width 121 Feet Or More,,,FALSE,ocean; canal; waterfront,
124866409,no fixed bridges,,,TRUE,ocean; waterfront,
125939394,Dock Length: 50,,50,FALSE,ocean; waterfront,50
154165068,,,,FALSE,,
154301616,,,,FALSE,,
154308526,no fixed bridges,,,TRUE,ocean,
161771134,,,,FALSE,ocean,
161771163,,,,FALSE,intracoastal,
162027810,no fixed bridges,,,TRUE,bay; ocean; canal; waterfront,
201623352,Dock Length: 100,,100,FALSE,waterfront,100
201623445,Enjoy 30 feet of seawall,30,30,FALSE,canal; waterfront,30
201625911,the private 60' dock with a,,60,FALSE,ocean; canal; gulf; waterfront,60
201626087,A brand-new 30' dock,,30,FALSE,canal; waterfront,30
201626962,,,,FALSE,canal; waterfront,
201627075,Dock Length: 50,,50,FALSE,canal; waterfront,50
201627390,,,,FALSE,canal; waterfront,
201632263,Dock Length: 467,,467,FALSE,ocean; canal; gulf; waterfront,467
201632966,Dock Length: 142,,142,FALSE,bay; waterfront,142
201635193,Dock Length: 65,,65,FALSE,canal; waterfront,65
201635229,With roughly 120 feet of water,,,FALSE,ocean; canal; waterfront,
201637031,Dock Length: 450,,450,FALSE,bay; ocean; lake; waterfront,450
201645551,x 40' dock features polyurethane,,40,FALSE,canal; waterfront,40
201646321,,,,FALSE,ocean; waterfront,
201648049,,,,FALSE,bay; gulf; waterfront,
201650628,,,,FALSE,ocean; canal; gulf; waterfront,
201650644,Dock Length: 820,,820,FALSE,canal; waterfront,820
201651017,,,,FALSE,canal; waterfront,
201651075,Dock Length: 40,,40,FALSE,ocean; canal; gulf; waterfront,40
201651256,Dock Length: 75,,75,FALSE,ocean; canal; waterfront,75
201652424,,,,FALSE,ocean,
201653796,,,,FALSE,bay; sound; waterfront,
201654116,Dock Length: 70,,70,FALSE,canal; waterfront,70
201654492,174 FT DOCK,,174,FALSE,bay; ocean; canal; waterfront,174
2053585131,,,,FALSE,,
2053643259,,,,FALSE,ocean,
2053895608,Dock Length: 50,,50,FALSE,canal; waterfront,50
2054105369,,,,FALSE,,
2054124979,,,,FALSE,intracoastal; ocean,
2054125146,,,,FALSE,ocean,
2054128263,10',,,FALSE,sound,
2054423233,,,,FALSE,ocean,
2054536401,,,,FALSE,,
2054754852,,,,FALSE,lake,
2055057978,,,,FALSE,waterfront,
2055097647,,,,FALSE,gulf; waterfront,
2055817788,,,,FALSE,ocean; canal; waterfront,
2056041035,,,,FALSE,,
2059036236,,,,FALSE,lake,
2060323953,,,,FALSE,ocean,
2060679436,,,,FALSE,ocean; waterfront,
2060711742,,,,FALSE,bay; ocean; waterfront,
2060783986,,,,FALSE,ocean,
2061501231,Dock Length: 76,,76,FALSE,waterfront,76
2061668121,,,,FALSE,bay; gulf; waterfront,
2061725835,,,,FALSE,bay; ocean; waterfront,
2062365750,,,,FALSE,,
2062460010,Dock Length: 50,,50,FALSE,ocean; waterfront,50
2062460805,providing approximately 740 feet of stunning,,,FALSE,bay; ocean; waterfront,
2062760128,Boasting over 200 feet of concrete,,,FALSE,ocean; canal; sound; waterfront,
2062775475,,,,FALSE,,
2063062409,,,,FALSE,intracoastal; ocean; waterfront,
2063461451,,,,FALSE,canal; waterfront,
2063522327,,,,FALSE,ocean,
2063580324,,,,FALSE,river,
2063622469,,,,FALSE,ocean,
2063625343,,,,FALSE,ocean,
2064368805,,,,FALSE,,
2064459463,,,,FALSE,river,
2065475875,,,,FALSE,intracoastal; ocean,
2066585153,plan has 10’,,,TRUE,bay; ocean; canal; waterfront,
2066786425,Boasting 95 feet of prime,,,TRUE,ocean; waterfront,
2067061382,80 Feet,,,TRUE,ocean; canal; waterfront,
2067091797,,,,FALSE,intracoastal; ocean; waterfront,
2067416626,plan has 10’,,,FALSE,bay; ocean; canal; waterfront,
2067576723,,,,FALSE,bay; ocean,
2067846987,,,,FALSE,,
2068359840,Brand New 90Ft Seawall with,90,92,FALSE,bay; ocean; canal; waterfront,92
2068439115,,,,FALSE,ocean; sound,
2068724327,,,,FALSE,ocean; canal,
2069505302,,,,FALSE,ocean,
2069542695,,,,FALSE,bay; waterfront,
2069882511,peninsula with 50ft easement via,,,TRUE,bay; ocean; river; canal; waterfront,
2070154780,,,,FALSE,intracoastal; ocean,
2071593466,,,,FALSE,ocean,
2071724873,features 100ft dock,,100,FALSE,bay; ocean; waterfront,100
2072303377,,,,FALSE,intracoastal; ocean; waterfront,
2073923115,an astonishing 700 feet of direct,,,FALSE,waterfront,
2073932320,,,,FALSE,,
2074002728,,,,FALSE,ocean,
2074009844,,,,FALSE,ocean,
2074934511,,,,FALSE,ocean; waterfront,
2074935133,,,,FALSE,,
2074935169,,,,FALSE,ocean,
2074935351,,,,FALSE,ocean,
2075348777,offers over 90 feet of pristine,,,FALSE,bay; lagoon; waterfront,
2076186135,,,,FALSE,ocean; canal; waterfront,
2076541503,,,,FALSE,river,
2076543565,,,,FALSE,ocean,
2076646907,,,,FALSE,,
2076744034,,,,FALSE,,
2076997398,,,,FALSE,,
2077607409,,,,FALSE,ocean; gulf; waterfront,
2077631132,,,,FALSE,,
2077913116,,,,FALSE,,
2078199989,80 Feet,,,TRUE,ocean; canal,
2078391617,,,,FALSE,,
2078445107,,,,FALSE,ocean; river,
2079125603,and rare 12 ft,,,FALSE,ocean,
2079185296,,,,FALSE,canal; waterfront,
2079374397,,,,FALSE,ocean,
2079720811,36 feet of dockage,,36,FALSE,ocean; gulf; waterfront,36
2079774966,,,,FALSE,ocean,
2081063618,,,,FALSE,,
2081949643,,,,FALSE,,
2082208387,,,,FALSE,gulf; waterfront,
2083168994,acre and 100 feet of frontage,100,,TRUE,river; canal; waterfront,100
2083851761,Dock Length: 240,,240,FALSE,canal; gulf; waterfront,240
2084652703,75’ WF w ocean,75,,TRUE,ocean; canal; waterfront,75
2085250777,features a 52 Ft boat slip,,52,TRUE,ocean; canal; waterfront,52
2085477893,Dock Length: 33,,33,FALSE,bay; canal; waterfront,33
2087664037,,,,FALSE,ocean; lake,
2088364738,Currently a 94 foot vessel calls,,,FALSE,ocean; lagoon,
2091712125,Dock Length: 50,,50,FALSE,ocean; canal; waterfront,50
2091898757,property offers 25 feet of private,,,FALSE,bay; ocean; canal,
2092068310,,,,FALSE,lake,
2094393836,,,,FALSE,,
2097209802,,,,FALSE,ocean,
2097450517,,,,FALSE,,
2097535744,,,,FALSE,,
2097848829,,,,FALSE,,
2098522675,,,,FALSE,lake,
2100958397,,,,FALSE,river,
2102167839,here with 830 ft on the,,,FALSE,lake; waterfront,
2102239881,,,,FALSE,,
2104646764,,,,FALSE,,
2107542563,,,,FALSE,,
2108873227,,,,FALSE,lake; waterfront,
2110129534,The 175 slip marina offers,,175,FALSE,ocean,175
2112899635,11 ft ceilings on,,,FALSE,intracoastal; ocean; waterfront,
2113380658,,,,FALSE,intracoastal; ocean; river; waterfront,
2117772945,,,,FALSE,,
2118935048,,,,FALSE,,
2120097637,,,,FALSE,,
2120214892,,,,FALSE,,
2126825775,,,,FALSE,,
2129941022,,,,FALSE,,
2131085361,,,,FALSE,,
2131410154,,,,FALSE,,
2132916418,up to 28ft on the,28,,FALSE,ocean; sound; waterfront,28
2133797032,,,,FALSE,,
2133958922,no fixed bridges,,,TRUE,intracoastal; ocean,
2134422851,,,,FALSE,,
2137123325,,,,FALSE,,
2141008884,,,,FALSE,,
2142487908,,,,FALSE,intracoastal; ocean,
2146019593,,,,FALSE,river,
2146027804,,,,FALSE,,
2146342503,,,,FALSE,intracoastal; ocean,
243813475,,,,FALSE,ocean; lake; waterfront,
243882249,,,,FALSE,ocean; lake; waterfront,
244560617,,,,FALSE,,
244560632,,,,FALSE,lake,
245097462,Dock Length: 106,,106,FALSE,ocean; canal; waterfront,106
246617011,,,,FALSE,,
246618060,,,,FALSE,,
246618248,,,,FALSE,ocean; waterfront,
247338844,Dock Length: 84,,84,FALSE,ocean; canal; waterfront,84
247339047,Dock Length: 75,,75,FALSE,ocean; canal; waterfront,75
247357015,lot with 50ft of water-frontage,50,,FALSE,bay; ocean; canal; waterfront,50
247357160,will appreciate 60 feet of dockage,,60,FALSE,canal; sound; waterfront,60
247357173,to your 55 foot dock and,,55,FALSE,ocean; waterfront,55
247357237,,,,FALSE,ocean; canal; lake; waterfront,
247483007,,,,FALSE,intracoastal; ocean; waterfront,
251155826,nA 40 foot slip,,40,FALSE,ocean; river; waterfront,40
251461254,Lauderdale-by-the-Sea offers 100 feet on a,,,TRUE,ocean; canal,
251461430,,,,FALSE,ocean,
251461448,,,,FALSE,ocean,
251461460,,,,FALSE,intracoastal; ocean,
251461461,by private 59ft and 33ft,,,FALSE,ocean,
251461499,,,,FALSE,intracoastal; ocean,
251461888,no fixed bridges,,,TRUE,intracoastal; ocean; lake; waterfront,
251462344,measuring 120 ft wide and,,,FALSE,ocean,
251462409,,,,FALSE,intracoastal; ocean,
251462484,no fixed bridges,,,TRUE,ocean; canal; waterfront,
251462901,,,,FALSE,ocean,
251462941,,,,FALSE,,
251463020,,,,FALSE,,
252179312,,,,FALSE,ocean; canal; waterfront,
252179391,,,,FALSE,ocean; canal; waterfront,
252193192,,,,FALSE,bay; canal; waterfront,
252193243,Dock Length: 75,,75,FALSE,bay; ocean; canal; waterfront,75
252193286,,,,FALSE,canal; waterfront,
252193325,Dock Length: 30,,30,FALSE,canal; waterfront,30
295460480,,,,FALSE,intracoastal; ocean; waterfront,
299146796,,,,FALSE,,
299146843,,,,FALSE,,
299146891,,,,FALSE,lake,
299148606,,,,FALSE,ocean,
299148609,,,,FALSE,ocean,
299148626,,,,FALSE,ocean,
299148631,,,,FALSE,ocean,
299148641,,,,FALSE,ocean,
299148660,,,,FALSE,ocean,
299148677,,,,FALSE,ocean,
299148678,,,,FALSE,ocean,
299148680,,,,FALSE,ocean,
299148690,,,,FALSE,intracoastal,
299148691,,,,FALSE,intracoastal; canal,
299148695,,,,FALSE,ocean; canal,
299148703,,,,FALSE,intracoastal,
299148708,,,,FALSE,intracoastal; waterfront,
299148741,,,,FALSE,ocean,
299148743,,,,FALSE,ocean,
299148779,,,,FALSE,intracoastal; ocean,
299148791,no fixed bridges,,,TRUE,intracoastal; ocean,
299148807,,,,FALSE,intracoastal; ocean; waterfront,
299148814,,,,FALSE,intracoastal; ocean; waterfront,
299148815,,,,FALSE,intracoastal; ocean; canal,
299148822,,,,FALSE,ocean,
299148823,no fixed bridges,,,TRUE,intracoastal; ocean; waterfront,
299148847,,,,FALSE,intracoastal; waterfront,
299148853,,,,FALSE,intracoastal; ocean; waterfront,
299148861,,,,FALSE,ocean; waterfront,
299148874,,,,FALSE,intracoastal; ocean,
299149010,,,,FALSE,intracoastal; ocean; sound,
299149018,,,,FALSE,intracoastal; ocean,
299149201,,,,FALSE,intracoastal; ocean,
299149575,,,,FALSE,,
299149921,,,,FALSE,ocean; waterfront,
299150188,,,,FALSE,,
299150196,,,,FALSE,,
299150218,,,,FALSE,bay; ocean,
299150299,,,,FALSE,ocean; canal; waterfront,
306090617,,,,FALSE,bay; gulf; waterfront,
306091044,Dock Length: 70,,70,FALSE,bay; ocean; canal; waterfront,70
306091445,,,,FALSE,ocean; canal; waterfront,
306091447,,,,FALSE,canal; waterfront,
306091709,,,,FALSE,waterfront,
306094884,Dock Length: 150,,150,FALSE,bay; gulf; sound; waterfront,150
306094900,,,,FALSE,bay; ocean; waterfront,
306094914,Dock Length: 40,,40,FALSE,canal; waterfront,40
306108169,,,,FALSE,ocean,
306108259,,,,FALSE,intracoastal; ocean,
306108292,a majestic 450 feet of pristine,,,FALSE,ocean,
306108332,access to 451 feet of private,,,FALSE,ocean,
306108431,,,,FALSE,ocean,
306109402,no fixed bridges,,,TRUE,intracoastal; ocean; river; waterfront,
306109414,,,,FALSE,intracoastal; ocean; waterfront,
306109417,,,,FALSE,ocean,
306109427,Canal Width 121 Feet Or More,100,,FALSE,intracoastal; ocean; canal; lake; waterfront,100
326162955,,,,FALSE,bay; ocean; waterfront,
326163008,,,,FALSE,bay; ocean; canal; waterfront,
326163093,Dock Length: 50,,50,FALSE,canal; waterfront,50
331552330,,,,FALSE,waterfront,
333137843,,,,FALSE,ocean,
333137975,,,,FALSE,river,
333138237,,,,FALSE,,
333138448,,,,FALSE,,
333138510,,,,FALSE,,
333498013,,,,FALSE,,
337066171,,,,FALSE,sound,
337066205,Dock Length: 100,,100,FALSE,bay; gulf; sound; waterfront,100
337066265,lot with 75 feet of waterfront,75,,FALSE,bay; ocean; canal; waterfront,75
337874997,no fixed bridges,,,TRUE,intracoastal; bay; ocean; canal; waterfront,
338257015,Enjoy 80 feet of direct,,,FALSE,ocean; river; canal; waterfront,
338257236,,,,FALSE,,
338257237,,,,FALSE,river,
338257287,location spanning 50 feet offers gorgeous,,,FALSE,bay; waterfront,
338257295,,,,FALSE,,
338257313,Canal Width 121 Feet Or More,,,TRUE,ocean; canal; waterfront,
338629623,Dramatic 20 feet floor to,,,FALSE,ocean,
338629790,masterpiece boasts 85 feet of prime,,,TRUE,intracoastal; ocean; waterfront,
338629854,,,,FALSE,,
338630024,,,,FALSE,,
338630030,,,,FALSE,ocean,
338630041,,,,FALSE,river,
338643490,,,,FALSE,sound; waterfront,
338729404,,,,FALSE,ocean; canal; waterfront,
338729681,Dock Length: 55,,55,FALSE,canal; waterfront,55
338729786,,,,FALSE,canal; waterfront,
338729832,,,,FALSE,bay; gulf; waterfront,
338729884,,,,FALSE,bay; canal; waterfront,
338729932,Dock Length: 60,,60,FALSE,bay; ocean; canal; gulf; waterfront,60
338740640,sunsets from 103 feet of waterfrontage,,,FALSE,bay; waterfront,
339837084,Dock Length: 80,,80,FALSE,ocean; canal; waterfront,80
339888465,,,,FALSE,river,
341882065,400 ft,,,FALSE,bay; waterfront,
342996466,,,,FALSE,,
344100274,,,,FALSE,ocean; canal; gulf; waterfront,
344729552,Dock Length: 80,,80,FALSE,bay; canal; waterfront,80
345428123,,,,FALSE,intracoastal; ocean,
346426739,,,,FALSE,waterfront,
347797859,,,,FALSE,waterfront,
347821837,Elevated 15 feet to meet,,,FALSE,ocean; gulf; waterfront,
348274143,,,,FALSE,ocean,
348531479,,,,FALSE,,
348928637,,,,FALSE,,
349440070,,,,FALSE,ocean,
349830013,no fixed bridges,,,TRUE,intracoastal; ocean; canal; lake,
349852252,,,,FALSE,ocean,
350263641,,,,FALSE,,
350883551,Canal Width 121 Feet Or More,,,FALSE,intracoastal; ocean; canal,
351951527,,,,FALSE,bay; gulf; waterfront,
352124983,,,,FALSE,,
352483257,,,,FALSE,,
352516438,,,,FALSE,ocean; gulf; waterfront,
353739474,,,,FALSE,ocean,
359220376,Dock Length: 218,,218,FALSE,bay; gulf; waterfront,218
394672175,,,,FALSE,,
401795529,ONE BEING 53 FT LONG,,,TRUE,ocean; canal; waterfront,
402063048,the early 70',,,FALSE,bay; gulf; waterfront,
439156522,120 Feet,,,TRUE,ocean; canal; waterfront,
439884276,,,,FALSE,ocean; waterfront,
439898038,,,,FALSE,lake; waterfront,
439924011,Dock Length: 108,,108,FALSE,intracoastal; bay; ocean; gulf; waterfront,108
439925142,Dock Length: 50,,50,FALSE,canal; waterfront,50
440014173,This 60' slip is perfectly,,60,FALSE,ocean,60
440015224,,,,FALSE,ocean; river,
440113217,Dock Length: 37,,37,FALSE,ocean; canal; waterfront,37
440113972,60 foot Concrete Dock,,60,FALSE,canal; waterfront,60
440116499,an additional 100' dock to be,,100,FALSE,bay; waterfront,100
440418273,,,,FALSE,intracoastal; ocean,
440975343,a spacious 250 ft turning basin,,,FALSE,bay; ocean; waterfront,
441139497,,,,FALSE,,
441806577,Frontage: 60,100,,FALSE,intracoastal; ocean; canal; waterfront,100
441945222,500 ft from the,,,FALSE,intracoastal; waterfront,
442029268,,,,FALSE,bay; gulf; waterfront,
442031616,,,,FALSE,ocean; canal; waterfront,
442100139,,,,FALSE,bay; ocean; waterfront,
442149428,,,,FALSE,ocean,
442742236,14',,,FALSE,,
442766666,,,,FALSE,river,
442943665,80 Feet,,,FALSE,ocean; canal; waterfront,
442986191,,,,FALSE,ocean; sound,
443131230,,,,FALSE,ocean,
443214922,,,,FALSE,,
443273655,304',,,FALSE,intracoastal; ocean; river; waterfront,
443456014,,,,FALSE,ocean; river; waterfront,
443487337,,,,FALSE,,
443539181,no fixed bridges,,,TRUE,intracoastal; ocean; waterfront,
443587477,lifestyle with 615 feet of pristine,,,FALSE,ocean; waterfront,
443587478,lifestyle with 615 feet of pristine,,,FALSE,ocean; waterfront,
443599033,80 Feet,,,FALSE,intracoastal; canal,
443670052,property features 230 feet of prime,,,TRUE,ocean; waterfront,
443672733,120 Feet,,,TRUE,canal; waterfront,
443716370,,,,FALSE,ocean; river; waterfront,
443765278,,,,FALSE,,
443771984,up to 50 feet boat,50,,TRUE,ocean; waterfront,50
443772831,,,,FALSE,ocean,
443798701,Dock Length: 37,,37,FALSE,ocean; gulf; waterfront,37
443834705,,,,FALSE,,
443859712,no fixed bridges,,,TRUE,intracoastal; ocean; canal,
443875677,,,,FALSE,intracoastal,
443889412,,,,FALSE,intracoastal; ocean,
443890798,,,,FALSE,lake; waterfront,
443973538,Dock Length: 75,,75,FALSE,canal; waterfront,75
443975308,Dock Length: 80,,80,FALSE,ocean; lake; waterfront,80
443988075,property features 110 feet of sandy,,,FALSE,ocean; canal; waterfront,
444369626,,,,FALSE,,
444392835,,,,FALSE,ocean,
444392849,,,,FALSE,intracoastal; ocean,
444581544,Nestled along 200 feet of pristine,,,FALSE,intracoastal; waterfront,
444591528,,,,FALSE,ocean,
444601699,,,,FALSE,intracoastal; ocean,
444619204,,,,FALSE,,
444622656,Canal Width 121 Feet Or More,,,TRUE,ocean; canal; waterfront,
444623190,,,,FALSE,intracoastal; ocean,
444683919,,,,FALSE,intracoastal,
444760204,,,,FALSE,lake,
445232213,kitchen and 70 feet of dockage,,70,FALSE,bay; ocean; canal; waterfront,70
445268031,With 45 feet of seawall,45,,FALSE,ocean; canal; waterfront,45
445785745,no fixed bridges,,,TRUE,intracoastal; ocean; canal,
446278588,,,,FALSE,,
446431692,,,,FALSE,intracoastal; ocean,
446432333,,,,FALSE,intracoastal; ocean,
446898460,up to 400 ft vessel,400,,FALSE,river; waterfront,400
446949668,,,,FALSE,waterfront,
447123329,,,,FALSE,,
447138434,,,,FALSE,ocean,
447138794,,,,FALSE,,
447261459,,,,FALSE,canal; waterfront,
447262326,,,,FALSE,ocean; canal; waterfront,
447289212,18',,,FALSE,,
447418894,,,,FALSE,,
447465815,With 70 feet of dockage,,70,FALSE,bay; ocean; canal; waterfront,70
447471709,Dock Length: 30,,30,FALSE,canal; waterfront,30
447473157,Canal Width 121 Feet Or More,150,,FALSE,intracoastal; bay; ocean; river; canal; waterfront,150
447538140,,,,FALSE,intracoastal; ocean,
447587667,home with 100 feet of dockage,,100,TRUE,bay; ocean; canal; waterfront,100
447599091,Dock Length: 50,,50,FALSE,bay; ocean; canal; waterfront,50
447600585,,,,FALSE,waterfront,
447645833,,,,FALSE,ocean,
447694695,Dock Length: 92,,92,FALSE,bay; gulf; waterfront,92
447885576,Harbor with 105 feet of waterfront,105,,TRUE,ocean; canal; waterfront,105
447908467,,,,FALSE,bay; ocean; canal; waterfront,
447909967,Dock Length: 50,,50,FALSE,bay; ocean; canal; waterfront,50
447911128,Dock Length: 60,,60,FALSE,bay; ocean; canal; waterfront,60
447955542,location with 90 feet of waterfront,90,,TRUE,intracoastal; ocean; canal; waterfront,90
448035189,Water Frontage: 304,334,,FALSE,intracoastal; ocean; river; waterfront,334
448038572,,,,FALSE,ocean; river,
448060463,Dock Length: 100,,100,FALSE,canal; gulf; waterfront,100
448083661,side has 50 feet of frontage,50,,FALSE,bay; canal; waterfront,50
448083686,Dock Length: 125,,125,FALSE,bay; canal; waterfront,125
448119901,,,,FALSE,ocean,
448124256,Dock Length: 220,,220,FALSE,intracoastal; bay; ocean; canal; waterfront,220
448165794,,,,FALSE,,
448185194,,,,FALSE,,
448210637,Dock Length: 60,,60,FALSE,canal; waterfront,60
448293365,,,,FALSE,canal; waterfront,
448303885,and offers 50 feet of dockage,,50,FALSE,bay; canal; waterfront,50
448334163,40' slips with beams,,40,TRUE,ocean; river,40
448417853,,,,FALSE,ocean,
448437500,,,,FALSE,ocean,
448459198,on approximate 100 ft wide canal,,100,FALSE,canal; waterfront,100
448490290,,,,FALSE,ocean; waterfront,
448492421,an  impressive 100 feet of DEEP,,,FALSE,ocean; canal; waterfront,
448543581,Dock Length: 70,,70,FALSE,bay; ocean; canal; waterfront,70
448691234,Concrete Dock 75 Ft,,875,FALSE,bay; ocean; canal; waterfront,875
448742431,Dock Length: 150,,150,FALSE,ocean; canal; gulf; waterfront,150
448744102,with a 40 foot dock,,40,FALSE,ocean; waterfront,40
448986212,,,,FALSE,ocean,
449121615,,,,FALSE,bay; ocean; waterfront,
449330190,and a 40 foot dock,,40,FALSE,ocean; waterfront,40
449330561,with a 40 foot dock,,40,FALSE,ocean; waterfront,40
449629422,,,,FALSE,,
449647039,,,,FALSE,waterfront,
449651490,lift on 80 feet of waterfrontage,,,FALSE,waterfront,
449851157,Dock Length: 400,,400,FALSE,bay; ocean; waterfront,400
449851203,,,,FALSE,bay; ocean; canal; waterfront,
449851247,Dock Length: 400,,400,FALSE,ocean; waterfront,400
449860196,lot boasts 70 ft of stunning,,,FALSE,ocean; canal; waterfront,
449861894,,,,FALSE,bay; ocean; waterfront,
449864227,Dock Length: 200,,200,FALSE,ocean; waterfront,200
449864440,,,,FALSE,bay; waterfront,
449864537,Dock Length: 70,,70,FALSE,canal; gulf; waterfront,70
449865278,,,,FALSE,,
449937815,,,,FALSE,bay; ocean; canal; gulf; waterfront,
449939354,,,,FALSE,ocean,
449978360,Dock Length: 150,,150,FALSE,bay; waterfront,150
450008037,,,,FALSE,ocean,
450012323,,,,FALSE,intracoastal; ocean,
450132645,,,,FALSE,,
450160745,,,,FALSE,ocean,
450226203,,,,FALSE,ocean,
450304793,,,,FALSE,ocean,
450366669,,,,FALSE,intracoastal; ocean,
450418126,,,,FALSE,ocean,
450460598,,,,FALSE,canal; waterfront,
450586898,,,,FALSE,,
450858523,up to 12 feet wide,,,FALSE,intracoastal; ocean; waterfront,
450858535,up to 12 feet wide,,,FALSE,intracoastal; ocean; waterfront,
450858948,up to 12 feet wide,,,FALSE,intracoastal; ocean; waterfront,
450868530,of only 16 waterfront residences off,16,,FALSE,bay; ocean; waterfront,16
451080100,,,,FALSE,ocean; canal; waterfront,
452050021,,,,FALSE,,
452061295,,,,FALSE,bay; ocean,
452217438,,,,FALSE,ocean; waterfront,
452217439,,,,FALSE,ocean; waterfront,
452225471,estate offers 100 feet of deep-water,,,FALSE,canal; gulf; waterfront,
452664465,,,,FALSE,,
452744091,Up to 35 foot boat,,,FALSE,intracoastal; ocean,
452793930,,,,FALSE,,
452941121,,,,FALSE,ocean,
452991896,an additional 20 feet of canal,,100,FALSE,canal; waterfront,100
453061532,,,,FALSE,intracoastal; ocean,
453061558,,,,FALSE,ocean; river,
453062367,Dock Length: 75,,75,FALSE,bay; waterfront,75
453179176,,,,FALSE,,
453222119,sound and 12 foot ceilings,,,FALSE,intracoastal; ocean; sound,
453222818,no fixed bridges,,,TRUE,ocean; waterfront,
453290415,,,,FALSE,intracoastal; ocean,
453299180,,,,FALSE,,
453317704,Dock Length: 80,,80,FALSE,ocean; canal; waterfront,80
453364656,control over 300 feet of waterfront,300,,FALSE,ocean; river; waterfront,300
453518492,no fixed bridges,,,TRUE,intracoastal; ocean,
453538919,,,,FALSE,ocean; sound,
453540336,no fixed bridges,,,TRUE,intracoastal; ocean,
453616161,,,,FALSE,river,
453817693,,,,FALSE,ocean; sound; lagoon,
453826352,Dock Length: 100,,100,FALSE,gulf; waterfront,100
454202455,,,,FALSE,,
454212377,,,,FALSE,bay; waterfront,
454215500,,,,FALSE,,
454230244,,,,FALSE,ocean; gulf; waterfront,
454244289,,,,FALSE,ocean; river; waterfront,
454522118,no fixed bridges,,,TRUE,ocean; river; canal; waterfront,
454599765,,,,FALSE,ocean,
454630184,no fixed bridges,,,TRUE,ocean; canal,
454834920,35’ dock space available,,35,FALSE,river,35
454837023,of only 16 waterfront residences just,16,,FALSE,ocean; canal; waterfront,16
454922057,120 ft of canal,,,FALSE,bay; ocean; canal; waterfront,
454947064,,,,FALSE,,
455124243,,,,FALSE,,
455155886,,,,FALSE,,
455211935,,,,FALSE,intracoastal; ocean,
455219632,,,,FALSE,ocean,
455263833,PRIVATE 174 FOOT BOAT DOCK,,174,FALSE,bay; ocean; canal; waterfront,174
455311422,,,,FALSE,,
455334747,,,,FALSE,,
455422591,no fixed bridges,,,TRUE,ocean; waterfront,
455553056,,,,FALSE,bay; ocean,
455597853,,,,FALSE,,
455651173,,,,FALSE,ocean,
455703299,,,,FALSE,intracoastal; ocean; waterfront,
455759951,,,,FALSE,ocean; waterfront,
455761279,,,,FALSE,ocean,
455762971,,,,FALSE,ocean; waterfront,
455763039,,,,FALSE,ocean; waterfront,
455764088,,,,FALSE,ocean; waterfront,
455764611,,,,FALSE,ocean; waterfront,
455764740,,,,FALSE,ocean; waterfront,
455764914,,,,FALSE,ocean; waterfront,
455800981,Dock Length: 131,,131,FALSE,ocean; waterfront,131
455830475,no fixed bridges,,,TRUE,intracoastal; ocean,
455836170,,,,FALSE,intracoastal; ocean,